ISO3,Provider,Plan,Days,GB,ChangeType,ChangeReason,Price_old,Price_new,Currency_old,Currency_new,usd_price_old,usd_price_new,eur_price_old,eur_price_new,SpecialOffer_old,SpecialOffer_new
AFG,orange,Data+Calls+SMS-1,30,1,new,,,34.99,,USD,,34.99,,,,
ALB,orange,Data+Calls+SMS-20,30,20,new,,,28.99,,USD,,28.99,,,,40% OFF
ALB,orange,Data-1,7,1,new,,,4.99,,USD,,4.99,,,,
ALB,orange,Data-10,7,10,new,,,20.99,,USD,,20.99,,,,
ALB,orange,Data-3,7,3,new,,,10.99,,USD,,10.99,,,,
ALB,orange,Data-5,7,5,new,,,13.99,,USD,,13.99,,,,
AND,orange,Data+Calls+SMS-1,7,1,new,,,5.99,,USD,,5.99,,,,
AND,orange,Data+Calls+SMS-10,7,10,new,,,19.99,,USD,,19.99,,,,
AND,orange,Data+Calls+SMS-3,7,3,new,,,10.99,,USD,,10.99,,,,
AND,orange,Data+Calls+SMS-5,7,5,new,,,13.99,,USD,,13.99,,,,
AND,orange,Data-1,7,1,new,,,4.99,,USD,,4.99,,,,
AND,orange,Data-10,7,10,new,,,15.99,,USD,,15.99,,,,
AND,orange,Data-3,7,3,new,,,8.99,,USD,,8.99,,,,
AND,orange,Data-5,7,5,new,,,10.99,,USD,,10.99,,,,
ARE,orange,Data+Calls+SMS-10,30,10,new,,,41.99,,USD,,41.99,,,,
ARE,orange,Data+Calls+SMS-100,30,100,new,,,75.99,,USD,,75.99,,,,30% OFF
ARE,orange,Data+Calls+SMS-20,30,20,new,,,41.99,,USD,,41.99,,,,30% OFF
ARE,orange,Data+Calls+SMS-5,30,5,new,,,23.99,,USD,,23.99,,,,
ARE,orange,Data+Calls+SMS-50,30,50,new,,,58.99,,USD,,58.99,,,,30% OFF
ARE,orange,Data-1,7,1,new,,,4.99,,USD,,4.99,,,,
ARE,orange,Data-10,7,10,new,,,19.99,,USD,,19.99,,,,
ARE,orange,Data-3,7,3,new,,,10.99,,USD,,10.99,,,,
ARE,orange,Data-5,7,5,new,,,13.99,,USD,,13.99,,,,
ARG,orange,Data+Calls+SMS-5,7,5,new,,,29.99,,USD,,29.99,,,,
ARG,orange,Data-1,7,1,new,,,4.99,,USD,,4.99,,,,
ARG,orange,Data-10,7,10,new,,,28.99,,USD,,28.99,,,,
ARG,orange,Data-3,7,3,new,,,14.99,,USD,,14.99,,,,
ARG,orange,Data-5,7,5,new,,,17.99,,USD,,17.99,,,,
ARM,orange,Data+Calls+SMS-10,30,10,new,,,34.99,,USD,,34.99,,,,
ARM,orange,Data+Calls+SMS-2,30,2,new,,,14.99,,USD,,14.99,,,,
ARM,orange,Data+Calls+SMS-20,30,20,new,,,52.99,,USD,,52.99,,,,
ARM,orange,Data+Calls+SMS-5,30,5,new,,,22.99,,USD,,22.99,,,,
ARM,orange,Data+Calls+SMS-50,30,50,new,,,76.99,,USD,,76.99,,,,
ARM,orange,Data-1,7,1,new,,,5.99,,USD,,5.99,,,,
ARM,orange,Data-10,7,10,new,,,41.99,,USD,,41.99,,,,
ARM,orange,Data-3,7,3,new,,,15.99,,USD,,15.99,,,,
ARM,orange,Data-5,7,5,new,,,25.99,,USD,,25.99,,,,
AUS,orange,Data+Calls+SMS-2,7,2,new,,,13.99,,USD,,13.99,,,,
AUS,orange,Data+Calls+SMS-5,7,5,new,,,20.99,,USD,,20.99,,,,
AUS,orange,Data-1,7,1,new,,,4.99,,USD,,4.99,,,,
AUS,orange,Data-10,7,10,new,,,19.99,,USD,,19.99,,,,
AUS,orange,Data-3,7,3,new,,,9.99,,USD,,9.99,,,,
AUS,orange,Data-5,7,5,new,,,11.99,,USD,,11.99,,,,
AUT,orange,Data+Calls+SMS-1,7,1,new,,,5.99,,USD,,5.99,,,,
AUT,orange,Data+Calls+SMS-10,7,10,new,,,19.99,,USD,,19.99,,,,
AUT,orange,Data+Calls+SMS-3,7,3,new,,,10.99,,USD,,10.99,,,,
AUT,orange,Data+Calls+SMS-5,7,5,new,,,13.99,,USD,,13.99,,,,
AUT,orange,Data-1,7,1,new,,,4.99,,USD,,4.99,,,,
AUT,orange,Data-10,7,10,new,,,15.99,,USD,,15.99,,,,
AUT,orange,Data-3,7,3,new,,,8.99,,USD,,8.99,,,,
AUT,orange,Data-5,7,5,new,,,10.99,,USD,,10.99,,,,
AZE,orange,Data+Calls+SMS-10,30,10,new,,,94.99,,USD,,94.99,,,,
AZE,orange,Data+Calls+SMS-2,30,2,new,,,34.99,,USD,,34.99,,,,
AZE,orange,Data+Calls+SMS-5,30,5,new,,,39.99,,USD,,39.99,,,,
BEL,orange,Data+Calls+SMS-1,7,1,new,,,5.99,,USD,,5.99,,,,
BEL,orange,Data+Calls+SMS-10,7,10,new,,,19.99,,USD,,19.99,,,,
BEL,orange,Data+Calls+SMS-3,7,3,new,,,10.99,,USD,,10.99,,,,
BEL,orange,Data+Calls+SMS-5,7,5,new,,,13.99,,USD,,13.99,,,,
BEL,orange,Data-1,7,1,new,,,4.99,,USD,,4.99,,,,
BEL,orange,Data-10,7,10,new,,,15.99,,USD,,15.99,,,,
BEL,orange,Data-3,7,3,new,,,9.99,,USD,,9.99,,,,
BEL,orange,Data-5,7,5,new,,,10.99,,USD,,10.99,,,,
BGR,orange,Data+Calls+SMS-1,7,1,new,,,5.99,,USD,,5.99,,,,
BGR,orange,Data+Calls+SMS-10,7,10,new,,,19.99,,USD,,19.99,,,,
BGR,orange,Data+Calls+SMS-3,7,3,new,,,10.99,,USD,,10.99,,,,
BGR,orange,Data+Calls+SMS-5,7,5,new,,,13.99,,USD,,13.99,,,,
BGR,orange,Data-1,7,1,new,,,4.99,,USD,,4.99,,,,
BGR,orange,Data-10,7,10,new,,,15.99,,USD,,15.99,,,,
BGR,orange,Data-3,7,3,new,,,8.99,,USD,,8.99,,,,
BGR,orange,Data-5,7,5,new,,,10.99,,USD,,10.99,,,,
BHR,orange,Data+Calls+SMS-15,30,15,new,,,34.99,,USD,,34.99,,,,
BHS,orange,Data+Calls+SMS-1,30,1,new,,,34.99,,USD,,34.99,,,,
BIH,orange,Data+Calls+SMS-1,7,1,new,,,4.99,,USD,,4.99,,,,
BIH,orange,Data+Calls+SMS-10,7,10,new,,,20.99,,USD,,20.99,,,,
BIH,orange,Data+Calls+SMS-3,7,3,new,,,8.99,,USD,,8.99,,,,
BIH,orange,Data+Calls+SMS-5,7,5,new,,,13.99,,USD,,13.99,,,,
BLR,orange,Data+Calls+SMS-1,7,1,new,,,9.99,,USD,,9.99,,,,
BLR,orange,Data+Calls+SMS-10,7,10,new,,,34.99,,USD,,34.99,,,,
BLR,orange,Data+Calls+SMS-3,7,3,new,,,25.99,,USD,,25.99,,,,
BLR,orange,Data+Calls+SMS-5,7,5,new,,,28.99,,USD,,28.99,,,,
BMU,orange,Data+Calls+SMS-10,30,10,new,,,82.99,,USD,,82.99,,,,
BMU,orange,Data+Calls+SMS-2,30,2,new,,,49.99,,USD,,49.99,,,,
BMU,orange,Data+Calls+SMS-20,30,20,new,,,94.99,,USD,,94.99,,,,
BMU,orange,Data+Calls+SMS-5,30,5,new,,,70.99,,USD,,70.99,,,,
BRA,airalo,Unlimited,3,9,new,,,11.0,,USD,,11.0,,11.0,,
BRA,airalo,Unlimited,5,15,new,,,18.0,,USD,,18.0,,18.0,,
BRA,airalo,Unlimited,7,21,new,,,25.0,,USD,,25.0,,25.0,,
BRA,airalo,Unlimited,10,30,new,,,32.0,,USD,,32.0,,32.0,,
BRA,airalo,Unlimited,15,45,new,,,46.0,,USD,,46.0,,46.0,,
BRA,airalo,Unlimited,30,90,new,,,85.0,,USD,,85.0,,85.0,,
BRA,orange,Data+Calls+SMS-2,7,2,new,,,15.99,,USD,,15.99,,,,
BRA,orange,Data+Calls+SMS-5,7,5,new,,,29.99,,USD,,29.99,,,,
BRA,orange,Data-1,7,1,new,,,4.99,,USD,,4.99,,,,
BRA,orange,Data-10,7,10,new,,,23.99,,USD,,23.99,,,,
BRA,orange,Data-3,7,3,new,,,11.99,,USD,,11.99,,,,
BRA,orange,Data-5,7,5,new,,,15.99,,USD,,15.99,,,,
BRB,orange,Data+Calls+SMS-1,30,1,new,,,34.99,,USD,,34.99,,,,
BWA,orange,Data+Calls+SMS-10,30,10,new,,,58.99,,USD,,58.99,,,,
BWA,orange,Data+Calls+SMS-2,30,2,new,,,28.99,,USD,,28.99,,,,
BWA,orange,Data+Calls+SMS-20,30,20,new,,,70.99,,USD,,70.99,,,,
BWA,orange,Data+Calls+SMS-5,30,5,new,,,46.99,,USD,,46.99,,,,
BWA,orange,Data-1,7,1,new,,,9.99,,USD,,9.99,,,,
BWA,orange,Data-10,7,10,new,,,40.99,,USD,,40.99,,,,
BWA,orange,Data-3,7,3,new,,,21.99,,USD,,21.99,,,,
BWA,orange,Data-5,7,5,new,,,33.99,,USD,,33.99,,,,
CAN,orange,Data+Calls+SMS-2,7,2,new,,,9.99,,USD,,9.99,,,,
CAN,orange,Data+Calls+SMS-5,7,5,new,,,23.99,,USD,,23.99,,,,
CAN,orange,Data-1,7,1,new,,,7.99,,USD,,7.99,,,,
CAN,orange,Data-10,7,10,new,,,26.99,,USD,,26.99,,,,
CAN,orange,Data-3,7,3,new,,,14.99,,USD,,14.99,,,,
CAN,orange,Data-5,7,5,new,,,17.99,,USD,,17.99,,,,
CAN,saily,Standard,30,10,changed,price,29.44,30.99,USD,USD,29.44,30.99,,,,
CAN,saily,Standard,30,20,changed,price,41.79,43.99,USD,USD,41.79,43.99,,,,
CAN,saily,Unlimited,5,15,changed,price,18.99,19.99,USD,USD,18.99,19.99,,,,
CAN,saily,Unlimited,10,30,changed,price,33.24,34.99,USD,USD,33.24,34.99,,,,
CAN,saily,Unlimited,15,45,changed,price,46.54,48.99,USD,USD,46.54,48.99,,,,
CAN,saily,Unlimited,20,60,changed,price,56.99,59.99,USD,USD,56.99,59.99,,,,
CAN,saily,Unlimited,25,75,changed,price,71.24,74.99,USD,USD,71.24,74.99,,,,
CAN,saily,Unlimited,30,90,changed,price,85.49,89.99,USD,USD,85.49,89.99,,,,
CHE,orange,Data+Calls+SMS-1,7,1,new,,,5.99,,USD,,5.99,,,,
CHE,orange,Data+Calls+SMS-10,7,10,new,,,19.99,,USD,,19.99,,,,
CHE,orange,Data+Calls+SMS-3,7,3,new,,,10.99,,USD,,10.99,,,,
CHE,orange,Data+Calls+SMS-5,7,5,new,,,13.99,,USD,,13.99,,,,
CHE,orange,Data-1,7,1,new,,,1.06,,USD,,1.06,,,,Clearance Sale
CHE,orange,Data-10,7,10,new,,,15.99,,USD,,15.99,,,,
CHE,orange,Data-10,14,10,changed,price,3.97,3.95,USD,USD,3.97,3.95,,,Clearance Sale,Clearance Sale
CHE,orange,Data-3,7,3,new,,,1.46,,USD,,1.46,,,,Clearance Sale
CHE,orange,Data-30,30,30,changed,price,13.99,11.97,USD,USD,13.99,11.97,,,Clearance Sale,Clearance Sale
CHE,orange,Data-5,7,5,new,,,2.45,,USD,,2.45,,,,Clearance Sale
CHE,orange,Data-50,30,50,changed,price,19.99,18.29,USD,USD,19.99,18.29,,,Clearance Sale,Clearance Sale
CHL,orange,Data+Calls+SMS-100,30,100,new,,,67.99,,USD,,67.99,,,,30% OFF
CHL,orange,Data+Calls+SMS-20,30,20,new,,,47.99,,USD,,47.99,,,,
CHL,orange,Data+Calls+SMS-50,30,50,new,,,50.99,,USD,,50.99,,,,30% OFF
CHL,orange,Data-1,7,1,new,,,4.99,,USD,,4.99,,,,
CHL,orange,Data-10,7,10,new,,,26.99,,USD,,26.99,,,,
CHL,orange,Data-3,7,3,new,,,9.99,,USD,,9.99,,,,
CHL,orange,Data-5,7,5,new,,,14.99,,USD,,14.99,,,,
CHN,orange,Data+Calls+SMS-100,30,100,new,,,57.99,,USD,,57.99,,,,40% OFF
CHN,orange,Data+Calls+SMS-20,30,20,new,,,35.99,,USD,,35.99,,,,40% OFF
CHN,orange,Data+Calls+SMS-5,7,5,new,,,17.99,,USD,,17.99,,,,
CHN,orange,Data-1,7,1,new,,,4.99,,USD,,4.99,,,,
CHN,orange,Data-10,7,10,new,,,22.99,,USD,,22.99,,,,
CHN,orange,Data-3,7,3,new,,,10.99,,USD,,10.99,,,,
CHN,orange,Data-5,7,5,new,,,13.99,,USD,,13.99,,,,
COD,orange,Data+Calls+SMS-20,30,20,new,,,46.99,,USD,,46.99,,,,
COD,orange,Data-1,7,1,new,,,8.99,,USD,,8.99,,,,
COD,orange,Data-10,7,10,new,,,41.99,,USD,,41.99,,,,
COD,orange,Data-3,7,3,new,,,15.99,,USD,,15.99,,,,
COD,orange,Data-5,7,5,new,,,23.99,,USD,,23.99,,,,
COL,orange,Data+Calls+SMS-10,30,10,new,,,47.99,,USD,,47.99,,,,
COL,orange,Data+Calls+SMS-100,30,100,new,,,88.99,,USD,,88.99,,,,30% OFF
COL,orange,Data+Calls+SMS-2,30,2,new,,,17.99,,USD,,17.99,,,,
COL,orange,Data+Calls+SMS-20,30,20,new,,,71.99,,USD,,71.99,,,,
COL,orange,Data+Calls+SMS-5,30,5,new,,,29.99,,USD,,29.99,,,,
COL,orange,Data+Calls+SMS-50,30,50,new,,,71.99,,USD,,71.99,,,,30% OFF
COL,orange,Data-1,7,1,new,,,4.99,,USD,,4.99,,,,
COL,orange,Data-10,7,10,new,,,26.99,,USD,,26.99,,,,
COL,orange,Data-3,7,3,new,,,9.99,,USD,,9.99,,,,
COL,orange,Data-5,7,5,new,,,15.99,,USD,,15.99,,,,
CPV,orange,Data+Calls+SMS-1,30,1,new,,,9.99,,USD,,9.99,,,,
CRI,orange,Data+Calls+SMS-2,7,2,new,,,14.99,,USD,,14.99,,,,
CRI,orange,Data+Calls+SMS-5,7,5,new,,,28.99,,USD,,28.99,,,,
CRI,orange,Data-1,7,1,new,,,9.99,,USD,,9.99,,,,
CRI,orange,Data-10,7,10,new,,,34.99,,USD,,34.99,,,,
CRI,orange,Data-3,7,3,new,,,16.99,,USD,,16.99,,,,
CRI,orange,Data-5,7,5,new,,,26.99,,USD,,26.99,,,,
CUB,orange,Data+Calls+SMS-1,7,1,new,,,7.99,,USD,,7.99,,,,Clearance Sale
CUB,orange,Data+Calls+SMS-3,7,3,new,,,14.99,,USD,,14.99,,,,Clearance Sale
CUB,orange,Data+Calls+SMS-5,7,5,new,,,23.99,,USD,,23.99,,,,Clearance Sale
CYP,orange,Data+Calls+SMS-1,7,1,new,,,5.99,,USD,,5.99,,,,
CYP,orange,Data+Calls+SMS-10,7,10,new,,,19.99,,USD,,19.99,,,,
CYP,orange,Data+Calls+SMS-3,7,3,new,,,10.99,,USD,,10.99,,,,
CYP,orange,Data+Calls+SMS-5,7,5,new,,,13.99,,USD,,13.99,,,,
CYP,orange,Data-1,7,1,new,,,4.99,,USD,,4.99,,,,
CYP,orange,Data-10,7,10,new,,,15.99,,USD,,15.99,,,,
CYP,orange,Data-3,7,3,new,,,8.99,,USD,,8.99,,,,
CYP,orange,Data-5,7,5,new,,,10.99,,USD,,10.99,,,,
CZE,orange,Data+Calls+SMS-1,7,1,new,,,5.99,,USD,,5.99,,,,
CZE,orange,Data+Calls+SMS-10,7,10,new,,,19.99,,USD,,19.99,,,,
CZE,orange,Data+Calls+SMS-3,7,3,new,,,10.99,,USD,,10.99,,,,
CZE,orange,Data+Calls+SMS-5,7,5,new,,,13.99,,USD,,13.99,,,,
CZE,orange,Data-1,7,1,new,,,4.99,,USD,,4.99,,,,
CZE,orange,Data-10,7,10,new,,,15.99,,USD,,15.99,,,,
CZE,orange,Data-3,7,3,new,,,8.99,,USD,,8.99,,,,
CZE,orange,Data-5,7,5,new,,,10.99,,USD,,10.99,,,,
DEU,orange,Data+Calls+SMS-1,7,1,new,,,5.99,,USD,,5.99,,,,
DEU,orange,Data+Calls+SMS-10,7,10,new,,,19.99,,USD,,19.99,,,,
DEU,orange,Data+Calls+SMS-3,7,3,new,,,10.99,,USD,,10.99,,,,
DEU,orange,Data+Calls+SMS-5,7,5,new,,,13.99,,USD,,13.99,,,,
DEU,orange,Data-1,7,1,new,,,4.99,,USD,,4.99,,,,
DEU,orange,Data-10,7,10,new,,,15.99,,USD,,15.99,,,,
DEU,orange,Data-3,7,3,new,,,8.99,,USD,,8.99,,,,
DEU,orange,Data-5,7,5,new,,,10.99,,USD,,10.99,,,,
DNK,orange,Data+Calls+SMS-1,7,1,new,,,5.99,,USD,,5.99,,,,
DNK,orange,Data+Calls+SMS-10,7,10,new,,,19.99,,USD,,19.99,,,,
DNK,orange,Data+Calls+SMS-3,7,3,new,,,10.99,,USD,,10.99,,,,
DNK,orange,Data+Calls+SMS-5,7,5,new,,,13.99,,USD,,13.99,,,,
DNK,orange,Data-1,7,1,new,,,4.99,,USD,,4.99,,,,
DNK,orange,Data-10,7,10,new,,,15.99,,USD,,15.99,,,,
DNK,orange,Data-3,7,3,new,,,8.99,,USD,,8.99,,,,
DNK,orange,Data-5,7,5,new,,,10.99,,USD,,10.99,,,,
DZA,orange,Data+Calls+SMS-20,30,20,new,,,52.99,,USD,,52.99,,,,
DZA,orange,Data-1,7,1,new,,,4.99,,USD,,4.99,,,,
DZA,orange,Data-10,7,10,new,,,21.99,,USD,,21.99,,,,
DZA,orange,Data-3,7,3,new,,,11.99,,USD,,11.99,,,,
DZA,orange,Data-5,7,5,new,,,15.99,,USD,,15.99,,,,
ECU,orange,Data+Calls+SMS-10,30,10,new,,,59.99,,USD,,59.99,,,,
ECU,orange,Data+Calls+SMS-100,30,100,new,,,83.99,,USD,,83.99,,,,30% OFF
ECU,orange,Data+Calls+SMS-2,30,2,new,,,20.99,,USD,,20.99,,,,
ECU,orange,Data+Calls+SMS-20,30,20,new,,,71.99,,USD,,71.99,,,,
ECU,orange,Data+Calls+SMS-5,30,5,new,,,35.99,,USD,,35.99,,,,
ECU,orange,Data+Calls+SMS-50,30,50,new,,,67.99,,USD,,67.99,,,,30% OFF
ECU,orange,Data-1,7,1,new,,,5.99,,USD,,5.99,,,,
ECU,orange,Data-10,7,10,new,,,33.99,,USD,,33.99,,,,
ECU,orange,Data-10,14,10,changed,price,29.99,35.99,EUR,USD,,35.99,29.99,,,
ECU,orange,Data-100,30,100,changed,price,81.99,98.99,EUR,USD,,98.99,81.99,,,
ECU,orange,Data-100,45,100,changed,price,82.99,99.99,EUR,USD,,99.99,82.99,,,
ECU,orange,Data-20,14,20,changed,price,34.99,41.99,EUR,USD,,41.99,34.99,,,
ECU,orange,Data-20,30,20,changed,price,49.99,59.99,EUR,USD,,59.99,49.99,,,
ECU,orange,Data-3,7,3,new,,,15.99,,USD,,15.99,,,,
ECU,orange,Data-5,7,5,new,,,23.99,,USD,,23.99,,,,
ECU,orange,Data-50,30,50,changed,price,62.99,75.99,EUR,USD,,75.99,62.99,,,
EGY,orange,Data+Calls+SMS-2,7,2,new,,,20.99,,USD,,20.99,,,,
EGY,orange,Data+Calls+SMS-5,7,5,new,,,23.99,,USD,,23.99,,,,
EGY,orange,Data-1,7,1,new,,,5.99,,USD,,5.99,,,,
EGY,orange,Data-10,7,10,new,,,19.99,,USD,,19.99,,,,
EGY,orange,Data-3,7,3,new,,,11.99,,USD,,11.99,,,,
EGY,orange,Data-5,7,5,new,,,14.99,,USD,,14.99,,,,
ESP,orange,Data+Calls+SMS-1,7,1,new,,,7.99,,USD,,7.99,,,,
ESP,orange,Data+Calls+SMS-10,14,10,new,,,13.99,,USD,,13.99,,,,31% OFF
ESP,orange,Data+Calls+SMS-100,30,100,new,,,49.99,,USD,,49.99,,,,30% OFF
ESP,orange,Data+Calls+SMS-20,30,20,new,,,16.99,,USD,,16.99,,,,30% OFF
ESP,orange,Data+Calls+SMS-200,30,200,new,,,95.99,,USD,,95.99,,,,
ESP,orange,Data+Calls+SMS-3,7,3,new,,,11.99,,USD,,11.99,,,,
ESP,orange,Data+Calls+SMS-5,7,5,new,,,13.99,,USD,,13.99,,,,
ESP,orange,Data+Calls+SMS-50,30,50,new,,,33.99,,USD,,33.99,,,,30% OFF
ESP,orange,Data+Calls+SMS-500,90,500,new,,,142.99,,USD,,142.99,,,,30% OFF
ESP,orange,Data-1,7,1,new,,,5.99,,USD,,5.99,,,,
ESP,orange,Data-3,7,3,new,,,9.99,,USD,,9.99,,,,
ESP,orange,Data-5,7,5,new,,,10.99,,USD,,10.99,,,,
EST,orange,Data+Calls+SMS-1,7,1,new,,,5.99,,USD,,5.99,,,,
EST,orange,Data+Calls+SMS-10,7,10,new,,,19.99,,USD,,19.99,,,,
EST,orange,Data+Calls+SMS-3,7,3,new,,,10.99,,USD,,10.99,,,,
EST,orange,Data+Calls+SMS-5,7,5,new,,,13.99,,USD,,13.99,,,,
EST,orange,Data-1,7,1,new,,,4.99,,USD,,4.99,,,,
EST,orange,Data-10,7,10,new,,,15.99,,USD,,15.99,,,,
EST,orange,Data-3,7,3,new,,,8.99,,USD,,8.99,,,,
EST,orange,Data-5,7,5,new,,,10.99,,USD,,10.99,,,,
FIN,orange,Data+Calls+SMS-1,7,1,new,,,5.99,,USD,,5.99,,,,
FIN,orange,Data+Calls+SMS-10,7,10,new,,,19.99,,USD,,19.99,,,,
FIN,orange,Data+Calls+SMS-3,7,3,new,,,10.99,,USD,,10.99,,,,
FIN,orange,Data+Calls+SMS-5,7,5,new,,,13.99,,USD,,13.99,,,,
FIN,orange,Data-1,7,1,new,,,4.99,,USD,,4.99,,,,
FIN,orange,Data-10,7,10,new,,,15.99,,USD,,15.99,,,,
FIN,orange,Data-3,7,3,new,,,8.99,,USD,,8.99,,,,
FIN,orange,Data-5,7,5,new,,,10.99,,USD,,10.99,,,,
FJI,orange,Data+Calls+SMS-5,30,5,new,,,29.99,,USD,,29.99,,,,
FRA,airalo,Standard,3,3,changed,price,7.0,6.5,USD,USD,7.0,6.5,7.0,6.5,,
FRA,airalo,Standard,7,3,changed,price,7.5,7.0,USD,USD,7.5,7.0,7.5,7.0,,
FRA,airalo,Standard,7,5,changed,price,10.0,9.5,USD,USD,10.0,9.5,10.0,9.5,,
FRA,airalo,Standard,7,10,changed,price,17.0,15.0,USD,USD,17.0,15.0,17.0,15.0,,
FRA,airalo,Standard,15,5,changed,price,11.0,10.0,USD,USD,11.0,10.0,11.0,10.0,,
FRA,airalo,Standard,15,10,changed,price,18.0,15.5,USD,USD,18.0,15.5,18.0,15.5,,
FRA,airalo,Standard,15,20,changed,price,25.0,22.5,USD,USD,25.0,22.5,25.0,22.5,,
FRA,airalo,Standard,30,5,changed,price,12.0,11.0,USD,USD,12.0,11.0,12.0,11.0,,
FRA,airalo,Standard,30,10,changed,price,19.0,16.0,USD,USD,19.0,16.0,19.0,16.0,,
FRA,airalo,Standard,30,20,changed,price,26.0,23.5,USD,USD,26.0,23.5,26.0,23.5,,
FRA,airalo,Standard,30,50,changed,price,35.0,35.5,USD,USD,35.0,35.5,35.0,35.5,,
FRA,airalo,Unlimited,3,9,deleted,,11.0,,USD,,11.0,,11.0,,,
FRA,airalo,Unlimited,5,15,deleted,,17.0,,USD,,17.0,,17.0,,,
FRA,airalo,Unlimited,7,21,deleted,,25.0,,USD,,25.0,,25.0,,,
FRA,airalo,Unlimited,10,30,deleted,,33.0,,USD,,33.0,,33.0,,,
FRA,airalo,Unlimited,15,45,deleted,,45.0,,USD,,45.0,,45.0,,,
FRA,airalo,Unlimited,30,90,deleted,,65.0,,USD,,65.0,,65.0,,,
FRA,orange,Data+Calls+SMS-20,14,20,new,,,23.99,,USD,,23.99,,,,
FRA,orange,Data-1,7,1,new,,,4.99,,USD,,4.99,,,,
FRA,orange,Data-10,7,10,new,,,15.99,,USD,,15.99,,,,
FRA,orange,Data-3,7,3,new,,,8.99,,USD,,8.99,,,,
FRA,orange,Data-5,7,5,new,,,10.99,,USD,,10.99,,,,
GBR,orange,Data+Calls+SMS-1,7,1,new,,,5.99,,USD,,5.99,,,,
GBR,orange,Data+Calls+SMS-10,7,10,new,,,19.99,,USD,,19.99,,,,
GBR,orange,Data+Calls+SMS-3,7,3,new,,,10.99,,USD,,10.99,,,,
GBR,orange,Data+Calls+SMS-5,7,5,new,,,13.99,,USD,,13.99,,,,
GBR,orange,Data-1,7,1,new,,,4.99,,USD,,4.99,,,,
GBR,orange,Data-10,7,10,new,,,15.99,,USD,,15.99,,,,
GBR,orange,Data-3,7,3,new,,,8.99,,USD,,8.99,,,,
GBR,orange,Data-5,7,5,new,,,10.99,,USD,,10.99,,,,
GEO,orange,Data+Calls+SMS-10,30,10,new,,,28.99,,USD,,28.99,,,,
GEO,orange,Data+Calls+SMS-2,30,2,new,,,14.99,,USD,,14.99,,,,
GEO,orange,Data+Calls+SMS-20,30,20,new,,,40.99,,USD,,40.99,,,,
GEO,orange,Data+Calls+SMS-5,30,5,new,,,22.99,,USD,,22.99,,,,
GEO,orange,Data-1,7,1,new,,,4.99,,USD,,4.99,,,,
GEO,orange,Data-10,7,10,new,,,26.99,,USD,,26.99,,,,
GEO,orange,Data-3,7,3,new,,,10.99,,USD,,10.99,,,,
GEO,orange,Data-5,7,5,new,,,16.99,,USD,,16.99,,,,
GGY,orange,Data+Calls+SMS-20,14,20,new,,,23.99,,USD,,23.99,,,,
GGY,orange,Data-1,7,1,new,,,4.99,,USD,,4.99,,,,
GGY,orange,Data-4,7,4,new,,,9.99,,USD,,9.99,,,,
GHA,orange,Data+Calls+SMS-10,30,10,new,,,46.99,,USD,,46.99,,,,
GHA,orange,Data+Calls+SMS-2,30,2,new,,,24.99,,USD,,24.99,,,,
GHA,orange,Data+Calls+SMS-3,30,3,new,,,34.99,,USD,,34.99,,,,
GHA,orange,Data-1,7,1,new,,,5.99,,USD,,5.99,,,,
GHA,orange,Data-10,7,10,new,,,39.99,,USD,,39.99,,,,
GHA,orange,Data-3,7,3,new,,,17.99,,USD,,17.99,,,,
GHA,orange,Data-5,7,5,new,,,21.99,,USD,,21.99,,,,
GLP,orange,Data+Calls+SMS-500,90,500,new,,,202.99,,USD,,202.99,,,,
GLP,orange,Data-1,7,1,new,,,4.99,,USD,,4.99,,,,
GLP,orange,Data-10,7,10,new,,,25.99,,USD,,25.99,,,,
GLP,orange,Data-3,7,3,new,,,10.99,,USD,,10.99,,,,
GLP,orange,Data-5,7,5,new,,,14.99,,USD,,14.99,,,,
GRC,orange,Data+Calls+SMS-1,7,1,new,,,5.99,,USD,,5.99,,,,
GRC,orange,Data+Calls+SMS-10,7,10,new,,,19.99,,USD,,19.99,,,,
GRC,orange,Data+Calls+SMS-3,7,3,new,,,10.99,,USD,,10.99,,,,
GRC,orange,Data+Calls+SMS-5,7,5,new,,,13.99,,USD,,13.99,,,,
GRC,orange,Data-1,7,1,new,,,4.99,,USD,,4.99,,,,
GRC,orange,Data-10,7,10,new,,,15.99,,USD,,15.99,,,,
GRC,orange,Data-3,7,3,new,,,8.99,,USD,,8.99,,,,
GRC,orange,Data-5,7,5,new,,,10.99,,USD,,10.99,,,,
GRL,orange,Data+Calls+SMS-1,30,1,new,,,34.99,,USD,,34.99,,,,
GTM,orange,Data+Calls+SMS-10,30,10,new,,,58.99,,USD,,58.99,,,,
GTM,orange,Data+Calls+SMS-100,30,100,new,,,83.99,,USD,,83.99,,,,30% OFF
GTM,orange,Data+Calls+SMS-2,30,2,new,,,16.99,,USD,,16.99,,,,
GTM,orange,Data+Calls+SMS-20,30,20,new,,,83.99,,USD,,83.99,,,,
GTM,orange,Data+Calls+SMS-5,30,5,new,,,34.99,,USD,,34.99,,,,
GTM,orange,Data+Calls+SMS-50,30,50,new,,,67.99,,USD,,67.99,,,,30% OFF
GTM,orange,Data-1,7,1,new,,,5.99,,USD,,5.99,,,,
GTM,orange,Data-10,7,10,new,,,38.99,,USD,,38.99,,,,
GTM,orange,Data-3,7,3,new,,,16.99,,USD,,16.99,,,,
GTM,orange,Data-5,7,5,new,,,23.99,,USD,,23.99,,,,
HKG,orange,Data+Calls+SMS-20,30,20,new,,,35.99,,USD,,35.99,,,,
HKG,orange,Data-1,7,1,new,,,1.06,,USD,,1.06,,,,Clearance Sale
HKG,orange,Data-10,7,10,new,,,16.99,,USD,,16.99,,,,
HKG,orange,Data-3,7,3,new,,,1.62,,USD,,1.62,,,,Clearance Sale
HKG,orange,Data-5,7,5,new,,,2.32,,USD,,2.32,,,,Clearance Sale
HRV,orange,Data+Calls+SMS-1,7,1,new,,,5.99,,USD,,5.99,,,,
HRV,orange,Data+Calls+SMS-10,7,10,new,,,19.99,,USD,,19.99,,,,
HRV,orange,Data+Calls+SMS-3,7,3,new,,,10.99,,USD,,10.99,,,,
HRV,orange,Data+Calls+SMS-5,7,5,new,,,13.99,,USD,,13.99,,,,
HRV,orange,Data-1,7,1,new,,,4.99,,USD,,4.99,,,,
HRV,orange,Data-10,7,10,new,,,15.99,,USD,,15.99,,,,
HRV,orange,Data-3,7,3,new,,,8.99,,USD,,8.99,,,,
HRV,orange,Data-5,7,5,new,,,10.99,,USD,,10.99,,,,
HUN,orange,Data+Calls+SMS-1,7,1,new,,,5.99,,USD,,5.99,,,,
HUN,orange,Data+Calls+SMS-10,7,10,new,,,19.99,,USD,,19.99,,,,
HUN,orange,Data+Calls+SMS-3,7,3,new,,,10.99,,USD,,10.99,,,,
HUN,orange,Data+Calls+SMS-5,7,5,new,,,13.99,,USD,,13.99,,,,
HUN,orange,Data-1,7,1,new,,,4.99,,USD,,4.99,,,,
HUN,orange,Data-10,7,10,new,,,15.99,,USD,,15.99,,,,
HUN,orange,Data-3,7,3,new,,,8.99,,USD,,8.99,,,,
HUN,orange,Data-5,7,5,new,,,10.99,,USD,,10.99,,,,
IDN,orange,Data+Calls+SMS-2,7,2,new,,,9.99,,USD,,9.99,,,,
IDN,orange,Data+Calls+SMS-5,7,5,new,,,13.99,,USD,,13.99,,,,
IDN,orange,Data-1,7,1,new,,,4.99,,USD,,4.99,,,,
IDN,orange,Data-10,7,10,new,,,20.99,,USD,,20.99,,,,
IDN,orange,Data-3,7,3,new,,,9.99,,USD,,9.99,,,,
IDN,orange,Data-5,7,5,new,,,11.99,,USD,,11.99,,,,
IND,orange,Data+Calls+SMS-100,30,100,new,,,62.99,,USD,,62.99,,,,30% OFF
IND,orange,Data+Calls+SMS-2,30,2,new,,,9.99,,USD,,9.99,,,,
IND,orange,Data+Calls+SMS-20,30,20,new,,,33.99,,USD,,33.99,,,,30% OFF
IND,orange,Data+Calls+SMS-5,30,5,new,,,16.99,,USD,,16.99,,,,
IND,orange,Data+Calls+SMS-50,30,50,new,,,50.99,,USD,,50.99,,,,30% OFF
IND,orange,Data-1,7,1,new,,,4.99,,USD,,4.99,,,,
IND,orange,Data-10,7,10,new,,,22.99,,USD,,22.99,,,,
IND,orange,Data-3,7,3,new,,,11.99,,USD,,11.99,,,,
IND,orange,Data-5,7,5,new,,,15.99,,USD,,15.99,,,,
IRL,orange,Data+Calls+SMS-1,7,1,new,,,5.99,,USD,,5.99,,,,
IRL,orange,Data+Calls+SMS-10,7,10,new,,,19.99,,USD,,19.99,,,,
IRL,orange,Data+Calls+SMS-3,7,3,new,,,10.99,,USD,,10.99,,,,
IRL,orange,Data+Calls+SMS-5,7,5,new,,,13.99,,USD,,13.99,,,,
IRL,orange,Data-1,7,1,new,,,4.99,,USD,,4.99,,,,
IRL,orange,Data-10,7,10,new,,,15.99,,USD,,15.99,,,,
IRL,orange,Data-3,7,3,new,,,8.99,,USD,,8.99,,,,
IRL,orange,Data-5,7,5,new,,,10.99,,USD,,10.99,,,,
IRQ,orange,Data+Calls+SMS-10,30,10,new,,,106.99,,USD,,106.99,,,,
IRQ,orange,Data+Calls+SMS-2,30,2,new,,,40.99,,USD,,40.99,,,,
IRQ,orange,Data+Calls+SMS-20,30,20,new,,,118.99,,USD,,118.99,,,,
IRQ,orange,Data-10,30,10,new,,,82.99,,USD,,82.99,,,,
IRQ,orange,Data-2,30,2,new,,,22.99,,USD,,22.99,,,,
IRQ,orange,Data-20,30,20,new,,,130.99,,USD,,130.99,,,,
IRQ,orange,Data-5,30,5,new,,,40.99,,USD,,40.99,,,,
ISL,orange,Data+Calls+SMS-1,7,1,new,,,5.99,,USD,,5.99,,,,
ISL,orange,Data+Calls+SMS-10,7,10,new,,,19.99,,USD,,19.99,,,,
ISL,orange,Data+Calls+SMS-3,7,3,new,,,10.99,,USD,,10.99,,,,
ISL,orange,Data+Calls+SMS-5,7,5,new,,,13.99,,USD,,13.99,,,,
ISL,orange,Data-1,7,1,new,,,4.99,,USD,,4.99,,,,
ISL,orange,Data-10,7,10,new,,,15.99,,USD,,15.99,,,,
ISL,orange,Data-3,7,3,new,,,8.99,,USD,,8.99,,,,
ISL,orange,Data-4,7,4,new,,,11.99,,USD,,11.99,,,,
ISL,orange,Data-5,7,5,new,,,10.99,,USD,,10.99,,,,
ISR,orange,Data+Calls+SMS-20,30,20,new,,,29.99,,USD,,29.99,,,,
ISR,orange,Data+Calls+SMS-50,30,50,new,,,58.99,,USD,,58.99,,,,30% OFF
ISR,orange,Data-1,7,1,new,,,5.99,,USD,,5.99,,,,
ISR,orange,Data-10,7,10,new,,,17.99,,USD,,17.99,,,,
ISR,orange,Data-3,7,3,new,,,9.99,,USD,,9.99,,,,
ISR,orange,Data-5,7,5,new,,,13.99,,USD,,13.99,,,,
ITA,orange,Data+Calls+SMS-1,7,1,new,,,5.99,,USD,,5.99,,,,
ITA,orange,Data+Calls+SMS-10,7,10,new,,,19.99,,USD,,19.99,,,,
ITA,orange,Data+Calls+SMS-3,7,3,new,,,10.99,,USD,,10.99,,,,
ITA,orange,Data+Calls+SMS-5,7,5,new,,,13.99,,USD,,13.99,,,,
ITA,orange,Data-1,7,1,new,,,4.99,,USD,,4.99,,,,
ITA,orange,Data-10,7,10,new,,,15.99,,USD,,15.99,,,,
ITA,orange,Data-3,7,3,new,,,8.99,,USD,,8.99,,,,
ITA,orange,Data-5,7,5,new,,,10.99,,USD,,10.99,,,,
JAM,orange,Data+Calls+SMS-10,30,10,new,,,34.99,,USD,,34.99,,,,
JEY,orange,Data+Calls+SMS-20,14,20,new,,,23.99,,USD,,23.99,,,,
JEY,orange,Data-1,7,1,new,,,5.99,,USD,,5.99,,,,
JEY,orange,Data-4,7,4,new,,,8.99,,USD,,8.99,,,,
JOR,orange,Data+Calls+SMS-2,7,2,new,,,10.99,,USD,,10.99,,,,
JOR,orange,Data+Calls+SMS-5,7,5,new,,,19.99,,USD,,19.99,,,,
JOR,orange,Data-1,7,1,new,,,4.99,,USD,,4.99,,,,
JOR,orange,Data-10,7,10,new,,,28.99,,USD,,28.99,,,,
JOR,orange,Data-3,7,3,new,,,14.99,,USD,,14.99,,,,
JOR,orange,Data-5,7,5,new,,,17.99,,USD,,17.99,,,,
JPN,orange,Data+Calls+SMS-2,7,2,new,,,11.99,,USD,,11.99,,,,
JPN,orange,Data+Calls+SMS-5,7,5,new,,,17.99,,USD,,17.99,,,,
JPN,orange,Data-1,7,1,new,,,1.0,,USD,,1.0,,,,
JPN,orange,Data-10,7,10,new,,,16.99,,USD,,16.99,,,,
JPN,orange,Data-3,7,3,new,,,9.99,,USD,,9.99,,,,
JPN,orange,Data-5,7,5,new,,,11.99,,USD,,11.99,,,,
KAZ,orange,Data+Calls+SMS-1,7,1,new,,,4.99,,USD,,4.99,,,,
KAZ,orange,Data+Calls+SMS-10,7,10,new,,,16.99,,USD,,16.99,,,,
KAZ,orange,Data+Calls+SMS-3,7,3,new,,,8.99,,USD,,8.99,,,,
KAZ,orange,Data+Calls+SMS-5,7,5,new,,,10.99,,USD,,10.99,,,,
KEN,orange,Data+Calls+SMS-15,30,15,new,,,34.99,,USD,,34.99,,,,
KHM,orange,Data+Calls+SMS-20,30,20,new,,,28.99,,USD,,28.99,,,,40% OFF
KHM,orange,Data-1,7,1,new,,,4.99,,USD,,4.99,,,,
KHM,orange,Data-10,7,10,new,,,20.99,,USD,,20.99,,,,
KHM,orange,Data-3,7,3,new,,,8.99,,USD,,8.99,,,,
KHM,orange,Data-5,7,5,new,,,13.99,,USD,,13.99,,,,
KOR,orange,Data+Calls+SMS-10,30,10,new,,,34.99,,USD,,34.99,,,,
KOR,orange,Data+Calls+SMS-100,30,100,new,,,75.99,,USD,,75.99,,,,30% OFF
KOR,orange,Data+Calls+SMS-2,30,2,new,,,16.99,,USD,,16.99,,,,
KOR,orange,Data+Calls+SMS-20,30,20,new,,,41.99,,USD,,41.99,,,,30% OFF
KOR,orange,Data+Calls+SMS-5,30,5,new,,,25.99,,USD,,25.99,,,,
KOR,orange,Data+Calls+SMS-50,30,50,new,,,58.99,,USD,,58.99,,,,30% OFF
KOR,orange,Data-1,7,1,new,,,1.06,,USD,,1.06,,,,Clearance Sale
KOR,orange,Data-10,7,10,new,,,19.99,,USD,,19.99,,,,
KOR,orange,Data-10,14,10,new,,,3.99,,USD,,3.99,,,,Clearance Sale
KOR,orange,Data-100,30,100,new,,,73.99,,USD,,73.99,,,,
KOR,orange,Data-100,45,100,new,,,74.99,,USD,,74.99,,,,
KOR,orange,Data-20,14,20,new,,,25.99,,USD,,25.99,,,,30% OFF
KOR,orange,Data-20,30,20,new,,,5.99,,USD,,5.99,,,,Clearance Sale
KOR,orange,Data-3,7,3,new,,,1.11,,USD,,1.11,,,,Clearance Sale
KOR,orange,Data-30,30,30,new,,,9.99,,USD,,9.99,,,,Clearance Sale
KOR,orange,Data-5,7,5,new,,,2.99,,USD,,2.99,,,,Clearance Sale
KOR,orange,Data-50,30,50,new,,,14.79,,USD,,14.79,,,,Clearance Sale
KOR,orange,Data-Unlimited,1,3,new,,,4.35,,USD,,4.35,,,,Clearance Sale
KWT,orange,Data+Calls+SMS-1,7,1,new,,,1.06,,USD,,1.06,,,,Clearance Sale
KWT,orange,Data+Calls+SMS-10,7,10,new,,,22.99,,USD,,22.99,,,,
KWT,orange,Data+Calls+SMS-3,7,3,new,,,3.99,,USD,,3.99,,,,Clearance Sale
KWT,orange,Data+Calls+SMS-5,7,5,new,,,5.99,,USD,,5.99,,,,Clearance Sale
LAO,orange,Data+Calls+SMS-20,30,20,new,,,35.99,,USD,,35.99,,,,40% OFF
LAO,orange,Data-1,7,1,new,,,5.99,,USD,,5.99,,,,
LAO,orange,Data-10,7,10,new,,,27.99,,USD,,27.99,,,,
LAO,orange,Data-3,7,3,new,,,13.99,,USD,,13.99,,,,
LAO,orange,Data-5,7,5,new,,,17.99,,USD,,17.99,,,,
LBN,orange,Data+Calls+SMS-1,30,1,new,,,34.99,,USD,,34.99,,,,
LBR,orange,Data+Calls+SMS-10,30,10,new,,,47.99,,USD,,47.99,,,,
LBR,orange,Data-1,7,1,new,,,5.99,,USD,,5.99,,,,
LBR,orange,Data-10,7,10,new,,,21.99,,USD,,21.99,,,,
LBR,orange,Data-3,7,3,new,,,11.99,,USD,,11.99,,,,
LBR,orange,Data-5,7,5,new,,,14.99,,USD,,14.99,,,,
LCA,orange,Data+Calls+SMS-1,30,1,new,,,34.99,,USD,,34.99,,,,
LIE,orange,Data+Calls+SMS-1,7,1,new,,,5.99,,USD,,5.99,,,,
LIE,orange,Data+Calls+SMS-10,7,10,new,,,19.99,,USD,,19.99,,,,
LIE,orange,Data+Calls+SMS-3,7,3,new,,,10.99,,USD,,10.99,,,,
LIE,orange,Data+Calls+SMS-5,7,5,new,,,13.99,,USD,,13.99,,,,
LIE,orange,Data-1,7,1,new,,,4.99,,USD,,4.99,,,,
LIE,orange,Data-10,7,10,new,,,15.99,,USD,,15.99,,,,
LIE,orange,Data-3,7,3,new,,,8.99,,USD,,8.99,,,,
LIE,orange,Data-5,7,5,new,,,10.99,,USD,,10.99,,,,
LKA,orange,Data+Calls+SMS-1,7,1,new,,,4.99,,USD,,4.99,,,,
LKA,orange,Data+Calls+SMS-10,7,10,new,,,15.99,,USD,,15.99,,,,
LKA,orange,Data+Calls+SMS-3,7,3,new,,,8.99,,USD,,8.99,,,,
LKA,orange,Data+Calls+SMS-5,7,5,new,,,10.99,,USD,,10.99,,,,
LTU,orange,Data+Calls+SMS-1,7,1,new,,,5.99,,USD,,5.99,,,,
LTU,orange,Data+Calls+SMS-10,7,10,new,,,19.99,,USD,,19.99,,,,
LTU,orange,Data+Calls+SMS-3,7,3,new,,,10.99,,USD,,10.99,,,,
LTU,orange,Data+Calls+SMS-5,7,5,new,,,13.99,,USD,,13.99,,,,
LTU,orange,Data-1,7,1,new,,,4.99,,USD,,4.99,,,,
LTU,orange,Data-10,7,10,new,,,15.99,,USD,,15.99,,,,
LTU,orange,Data-3,7,3,new,,,8.99,,USD,,8.99,,,,
LTU,orange,Data-5,7,5,new,,,10.99,,USD,,10.99,,,,
LUX,orange,Data+Calls+SMS-1,7,1,new,,,5.99,,USD,,5.99,,,,
LUX,orange,Data+Calls+SMS-10,7,10,new,,,19.99,,USD,,19.99,,,,
LUX,orange,Data+Calls+SMS-3,7,3,new,,,10.99,,USD,,10.99,,,,
LUX,orange,Data+Calls+SMS-5,7,5,new,,,13.99,,USD,,13.99,,,,
LUX,orange,Data-1,7,1,new,,,4.99,,USD,,4.99,,,,
LUX,orange,Data-10,7,10,new,,,15.99,,USD,,15.99,,,,
LUX,orange,Data-3,7,3,new,,,8.99,,USD,,8.99,,,,
LUX,orange,Data-5,7,5,new,,,10.99,,USD,,10.99,,,,
LVA,orange,Data+Calls+SMS-1,7,1,new,,,5.99,,USD,,5.99,,,,
LVA,orange,Data+Calls+SMS-10,7,10,new,,,19.99,,USD,,19.99,,,,
LVA,orange,Data+Calls+SMS-3,7,3,new,,,10.99,,USD,,10.99,,,,
LVA,orange,Data+Calls+SMS-5,7,5,new,,,13.99,,USD,,13.99,,,,
LVA,orange,Data-1,7,1,new,,,4.99,,USD,,4.99,,,,
LVA,orange,Data-10,7,10,new,,,15.99,,USD,,15.99,,,,
LVA,orange,Data-3,7,3,new,,,8.99,,USD,,8.99,,,,
LVA,orange,Data-5,7,5,new,,,10.99,,USD,,10.99,,,,
MAC,orange,Data+Calls+SMS-20,30,20,new,,,59.99,,USD,,59.99,,,,
MAC,orange,Data-1,7,1,new,,,4.99,,USD,,4.99,,,,
MAC,orange,Data-10,7,10,new,,,15.99,,USD,,15.99,,,,
MAC,orange,Data-3,7,3,new,,,8.99,,USD,,8.99,,,,
MAC,orange,Data-5,7,5,new,,,10.99,,USD,,10.99,,,,
MAR,holafly,Unlimited,1,3,changed,price,3.9,5.9,USD,USD,3.9,5.9,3.79,5.5,,
MAR,holafly,Unlimited,2,6,changed,price,7.9,9.9,USD,USD,7.9,9.9,7.58,9.5,,
MAR,holafly,Unlimited,3,9,changed,price,11.9,14.5,USD,USD,11.9,14.5,11.37,13.5,,
MAR,holafly,Unlimited,4,12,changed,price,16.5,18.9,USD,USD,16.5,18.9,14.9,17.5,,
MAR,holafly,Unlimited,5,15,changed,price,20.5,23.5,USD,USD,20.5,23.5,18.5,21.5,,
MAR,holafly,Unlimited,6,18,changed,price,23.9,27.5,USD,USD,23.9,27.5,21.9,24.9,,
MAR,holafly,Unlimited,7,21,changed,price,27.5,31.5,USD,USD,27.5,31.5,25.5,28.9,,
MAR,holafly,Unlimited,8,24,changed,price,30.9,35.5,USD,USD,30.9,35.5,28.9,32.9,,
MAR,holafly,Unlimited,9,27,changed,price,33.9,38.9,USD,USD,33.9,38.9,31.9,36.5,,
MAR,holafly,Unlimited,10,30,changed,price,36.5,41.9,USD,USD,36.5,41.9,33.9,38.9,,
MAR,holafly,Unlimited,11,33,changed,price,39.5,44.9,USD,USD,39.5,44.9,36.9,41.9,,
MAR,holafly,Unlimited,12,36,changed,price,42.9,48.9,USD,USD,42.9,48.9,39.9,45.5,,
MAR,holafly,Unlimited,13,39,changed,price,44.9,51.5,USD,USD,44.9,51.5,41.9,47.9,,
MAR,holafly,Unlimited,14,42,changed,price,47.5,54.5,USD,USD,47.5,54.5,43.9,50.5,,
MAR,holafly,Unlimited,15,45,changed,price,50.5,57.9,USD,USD,50.5,57.9,46.9,53.9,,
MAR,holafly,Unlimited,16,48,changed,price,51.9,59.9,USD,USD,51.9,59.9,48.5,55.5,,
MAR,holafly,Unlimited,17,51,changed,price,53.5,61.5,USD,USD,53.5,61.5,49.9,56.9,,
MAR,holafly,Unlimited,18,54,changed,price,55.9,64.5,USD,USD,55.9,64.5,51.9,59.5,,
MAR,holafly,Unlimited,19,57,changed,price,58.5,67.5,USD,USD,58.5,67.5,54.5,62.5,,
MAR,holafly,Unlimited,20,60,changed,price,60.9,69.9,USD,USD,60.9,69.9,56.9,64.9,,
MAR,holafly,Unlimited,21,63,changed,price,62.9,71.9,USD,USD,62.9,71.9,58.5,66.9,,
MAR,holafly,Unlimited,22,66,changed,price,64.5,73.9,USD,USD,64.5,73.9,59.9,68.5,,
MAR,holafly,Unlimited,23,69,changed,price,65.5,74.9,USD,USD,65.5,74.9,60.9,69.9,,
MAR,holafly,Unlimited,24,72,changed,price,66.5,76.5,USD,USD,66.5,76.5,61.9,70.9,,
MAR,holafly,Unlimited,25,75,changed,price,67.9,77.5,USD,USD,67.9,77.5,62.9,71.9,,
MAR,holafly,Unlimited,26,78,changed,price,68.9,78.5,USD,USD,68.9,78.5,63.9,72.9,,
MAR,holafly,Unlimited,27,81,changed,price,69.9,79.9,USD,USD,69.9,79.9,64.9,74.5,,
MAR,holafly,Unlimited,28,84,changed,price,70.9,81.5,USD,USD,70.9,81.5,65.9,75.5,,
MAR,holafly,Unlimited,29,87,changed,price,71.9,82.9,USD,USD,71.9,82.9,66.9,76.9,,
MAR,holafly,Unlimited,30,90,changed,price,73.9,84.9,USD,USD,73.9,84.9,68.9,78.9,,
MAR,orange,Data+Calls+SMS-100,30,100,new,,,57.99,,USD,,57.99,,,,40% OFF
MAR,orange,Data+Calls+SMS-20,30,20,new,,,28.99,,USD,,28.99,,,,40% OFF
MAR,orange,Data+Calls+SMS-50,30,50,new,,,35.99,,USD,,35.99,,,,50% OFF
MAR,orange,Data-1,7,1,new,,,7.99,,USD,,7.99,,,,
MAR,orange,Data-3,7,3,new,,,11.99,,USD,,11.99,,,,
MAR,orange,Data-5,7,5,new,,,20.99,,USD,,20.99,,,,
MCO,orange,Data+Calls+SMS-1,7,1,new,,,5.99,,USD,,5.99,,,,
MCO,orange,Data+Calls+SMS-10,7,10,new,,,19.99,,USD,,19.99,,,,
MCO,orange,Data+Calls+SMS-3,7,3,new,,,10.99,,USD,,10.99,,,,
MCO,orange,Data+Calls+SMS-5,7,5,new,,,13.99,,USD,,13.99,,,,
MCO,orange,Data-1,7,1,new,,,4.99,,USD,,4.99,,,,
MCO,orange,Data-10,7,10,new,,,15.99,,USD,,15.99,,,,
MCO,orange,Data-3,7,3,new,,,8.99,,USD,,8.99,,,,
MCO,orange,Data-5,7,5,new,,,10.99,,USD,,10.99,,,,
MDA,orange,Data+Calls+SMS-20,30,20,new,,,29.99,,USD,,29.99,,,,
MDA,orange,Data-1,7,1,new,,,4.99,,USD,,4.99,,,,
MDA,orange,Data-10,7,10,new,,,27.99,,USD,,27.99,,,,
MDA,orange,Data-3,7,3,new,,,14.99,,USD,,14.99,,,,
MDA,orange,Data-5,7,5,new,,,17.99,,USD,,17.99,,,,
MEX,holafly,Unlimited,1,3,changed,price,5.9,4.9,USD,USD,5.9,4.9,5.9,4.9,,
MEX,holafly,Unlimited,2,6,changed,price,9.5,7.9,USD,USD,9.5,7.9,8.9,7.5,,
MEX,holafly,Unlimited,3,9,changed,price,12.5,10.9,USD,USD,12.5,10.9,11.9,10.5,,
MEX,holafly,Unlimited,4,12,changed,price,16.5,14.5,USD,USD,16.5,14.5,14.9,13.5,,
MEX,holafly,Unlimited,5,15,changed,price,20.5,17.5,USD,USD,20.5,17.5,18.5,16.5,,
MEX,holafly,Unlimited,6,18,changed,price,23.9,20.9,USD,USD,23.9,20.9,21.9,19.5,,
MEX,holafly,Unlimited,7,21,changed,price,27.5,23.9,USD,USD,27.5,23.9,25.5,22.5,,
MEX,holafly,Unlimited,8,24,changed,price,30.9,26.5,USD,USD,30.9,26.5,28.9,24.9,,
MEX,holafly,Unlimited,9,27,changed,price,33.9,28.9,USD,USD,33.9,28.9,31.9,27.5,,
MEX,holafly,Unlimited,10,30,changed,price,36.5,31.9,USD,USD,36.5,31.9,33.9,29.9,,
MEX,holafly,Unlimited,11,33,changed,price,39.5,34.9,USD,USD,39.5,34.9,36.9,32.5,,
MEX,holafly,Unlimited,12,36,changed,price,42.9,37.5,USD,USD,42.9,37.5,39.9,34.9,,
MEX,holafly,Unlimited,13,39,changed,price,44.9,39.5,USD,USD,44.9,39.5,41.9,36.9,,
MEX,holafly,Unlimited,14,42,changed,price,47.5,41.5,USD,USD,47.5,41.5,43.9,38.5,,
MEX,holafly,Unlimited,15,45,changed,price,50.5,43.9,USD,USD,50.5,43.9,46.9,40.9,,
MEX,holafly,Unlimited,16,48,changed,price,52.5,45.9,USD,USD,52.5,45.9,48.9,42.9,,
MEX,holafly,Unlimited,17,51,changed,price,52.9,46.9,USD,USD,52.9,46.9,49.5,43.9,,
MEX,holafly,Unlimited,18,54,changed,price,55.9,48.9,USD,USD,55.9,48.9,51.9,45.5,,
MEX,holafly,Unlimited,19,57,changed,price,57.9,51.5,USD,USD,57.9,51.5,54.5,47.9,,
MEX,holafly,Unlimited,20,60,changed,price,60.9,53.5,USD,USD,60.9,53.5,56.9,49.9,,
MEX,holafly,Unlimited,21,63,changed,price,63.5,55.5,USD,USD,63.5,55.5,58.9,51.5,,
MEX,holafly,Unlimited,22,66,changed,price,64.5,56.5,USD,USD,64.5,56.5,59.9,52.5,,
MEX,holafly,Unlimited,23,69,changed,price,65.5,57.5,USD,USD,65.5,57.5,60.9,53.5,,
MEX,holafly,Unlimited,24,72,changed,price,66.5,57.9,USD,USD,66.5,57.9,61.9,53.9,,
MEX,holafly,Unlimited,25,75,changed,price,67.9,58.9,USD,USD,67.9,58.9,62.9,54.9,,
MEX,holafly,Unlimited,26,78,changed,price,68.9,59.9,USD,USD,68.9,59.9,63.9,55.9,,
MEX,holafly,Unlimited,27,81,changed,price,69.9,60.9,USD,USD,69.9,60.9,64.9,56.9,,
MEX,holafly,Unlimited,28,84,changed,price,70.9,62.5,USD,USD,70.9,62.5,65.9,57.9,,
MEX,holafly,Unlimited,29,87,changed,price,71.9,62.9,USD,USD,71.9,62.9,66.9,58.5,,
MEX,holafly,Unlimited,30,90,changed,price,73.9,64.9,USD,USD,73.9,64.9,68.9,60.5,,
MEX,orange,Data+Calls+SMS-2,7,2,new,,,17.99,,USD,,17.99,,,,
MEX,orange,Data+Calls+SMS-5,7,5,new,,,29.99,,USD,,29.99,,,,
MEX,orange,Data-1,7,1,new,,,5.99,,USD,,5.99,,,,
MEX,orange,Data-10,7,10,new,,,21.99,,USD,,21.99,,,,
MEX,orange,Data-3,7,3,new,,,11.99,,USD,,11.99,,,,
MEX,orange,Data-5,7,5,new,,,14.99,,USD,,14.99,,,,
MEX,saily,Standard,30,10,changed,price,23.74,24.99,USD,USD,23.74,24.99,,,,
MEX,saily,Standard,30,20,changed,price,43.69,45.99,USD,USD,43.69,45.99,,,,
MEX,saily,Unlimited,5,15,changed,price,18.04,18.99,USD,USD,18.04,18.99,,,,
MEX,saily,Unlimited,10,30,changed,price,33.24,34.99,USD,USD,33.24,34.99,,,,
MEX,saily,Unlimited,15,45,changed,price,46.54,48.99,USD,USD,46.54,48.99,,,,
MEX,saily,Unlimited,20,60,changed,price,56.99,59.99,USD,USD,56.99,59.99,,,,
MEX,saily,Unlimited,25,75,changed,price,62.69,65.99,USD,USD,62.69,65.99,,,,
MEX,saily,Unlimited,30,90,changed,price,68.39,71.99,USD,USD,68.39,71.99,,,,
MKD,orange,Data+Calls+SMS-1,7,1,new,,,4.99,,USD,,4.99,,,,
MKD,orange,Data+Calls+SMS-10,7,10,new,,,20.99,,USD,,20.99,,,,
MKD,orange,Data+Calls+SMS-3,7,3,new,,,8.99,,USD,,8.99,,,,
MKD,orange,Data+Calls+SMS-5,7,5,new,,,13.99,,USD,,13.99,,,,
MLI,orange,Data+Calls+SMS-20,30,20,new,,,53.99,,USD,,53.99,,,,
MLI,orange,Data-1,7,1,new,,,9.99,,USD,,9.99,,,,
MLI,orange,Data-10,7,10,new,,,44.99,,USD,,44.99,,,,
MLI,orange,Data-3,7,3,new,,,22.99,,USD,,22.99,,,,
MLI,orange,Data-5,7,5,new,,,35.99,,USD,,35.99,,,,
MLT,orange,Data+Calls+SMS-1,7,1,new,,,5.99,,USD,,5.99,,,,
MLT,orange,Data+Calls+SMS-10,7,10,new,,,19.99,,USD,,19.99,,,,
MLT,orange,Data+Calls+SMS-3,7,3,new,,,10.99,,USD,,10.99,,,,
MLT,orange,Data+Calls+SMS-5,7,5,new,,,13.99,,USD,,13.99,,,,
MLT,orange,Data-1,7,1,new,,,4.99,,USD,,4.99,,,,
MLT,orange,Data-10,7,10,new,,,15.99,,USD,,15.99,,,,
MLT,orange,Data-3,7,3,new,,,8.99,,USD,,8.99,,,,
MLT,orange,Data-5,7,5,new,,,10.99,,USD,,10.99,,,,
MNE,orange,Data+Calls+SMS-20,30,20,new,,,21.99,,USD,,21.99,,,,40% OFF
MNE,orange,Data-1,7,1,new,,,4.99,,USD,,4.99,,,,
MNE,orange,Data-10,7,10,new,,,20.99,,USD,,20.99,,,,
MNE,orange,Data-3,7,3,new,,,10.99,,USD,,10.99,,,,
MNE,orange,Data-5,7,5,new,,,13.99,,USD,,13.99,,,,
MUS,orange,Data+Calls+SMS-20,30,20,new,,,46.99,,USD,,46.99,,,,
MYS,orange,Data+Calls+SMS-10,30,10,new,,,35.99,,USD,,35.99,,,,
MYS,orange,Data+Calls+SMS-100,30,100,new,,,64.99,,USD,,64.99,,,,40% OFF
MYS,orange,Data+Calls+SMS-2,30,2,new,,,16.99,,USD,,16.99,,,,
MYS,orange,Data+Calls+SMS-20,30,20,new,,,28.99,,USD,,28.99,,,,40% OFF
MYS,orange,Data+Calls+SMS-5,30,5,new,,,23.99,,USD,,23.99,,,,
MYS,orange,Data+Calls+SMS-50,30,50,new,,,58.99,,USD,,58.99,,,,30% OFF
MYS,orange,Data-1,7,1,new,,,4.99,,USD,,4.99,,,,
MYS,orange,Data-10,7,10,new,,,19.99,,USD,,19.99,,,,
MYS,orange,Data-3,7,3,new,,,10.99,,USD,,10.99,,,,
MYS,orange,Data-5,7,5,new,,,13.99,,USD,,13.99,,,,
NGA,orange,Data+Calls+SMS-10,30,10,new,,,46.99,,USD,,46.99,,,,
NGA,orange,Data-1,7,1,new,,,8.99,,USD,,8.99,,,,
NGA,orange,Data-10,7,10,new,,,45.99,,USD,,45.99,,,,
NGA,orange,Data-3,7,3,new,,,17.99,,USD,,17.99,,,,
NGA,orange,Data-5,7,5,new,,,28.99,,USD,,28.99,,,,
NIC,orange,Data+Calls+SMS-20,30,20,new,,,71.99,,USD,,71.99,,,,
NIC,orange,Data-1,7,1,new,,,14.99,,USD,,14.99,,,,
NIC,orange,Data-10,7,10,new,,,47.99,,USD,,47.99,,,,
NIC,orange,Data-3,7,3,new,,,26.99,,USD,,26.99,,,,
NIC,orange,Data-5,7,5,new,,,33.99,,USD,,33.99,,,,
NLD,orange,Data+Calls+SMS-1,7,1,new,,,5.99,,USD,,5.99,,,,
NLD,orange,Data+Calls+SMS-10,7,10,new,,,19.99,,USD,,19.99,,,,
NLD,orange,Data+Calls+SMS-3,7,3,new,,,10.99,,USD,,10.99,,,,
NLD,orange,Data+Calls+SMS-5,7,5,new,,,13.99,,USD,,13.99,,,,
NLD,orange,Data-1,7,1,new,,,4.99,,USD,,4.99,,,,
NLD,orange,Data-10,7,10,new,,,15.99,,USD,,15.99,,,,
NLD,orange,Data-3,7,3,new,,,8.99,,USD,,8.99,,,,
NLD,orange,Data-5,7,5,new,,,10.99,,USD,,10.99,,,,
NOR,orange,Data+Calls+SMS-20,14,20,new,,,26.99,,USD,,26.99,,,,
NOR,orange,Data-1,7,1,new,,,4.99,,USD,,4.99,,,,
NOR,orange,Data-10,7,10,new,,,15.99,,USD,,15.99,,,,
NOR,orange,Data-3,7,3,new,,,8.99,,USD,,8.99,,,,
NOR,orange,Data-5,7,5,new,,,10.99,,USD,,10.99,,,,
NPL,orange,Data+Calls+SMS-15,30,15,new,,,34.99,,USD,,34.99,,,,
NZL,orange,Data+Calls+SMS-10,30,10,new,,,59.99,,USD,,59.99,,,,
NZL,orange,Data+Calls+SMS-100,30,100,new,,,64.99,,USD,,64.99,,,,40% OFF
NZL,orange,Data+Calls+SMS-2,30,2,new,,,23.99,,USD,,23.99,,,,
NZL,orange,Data+Calls+SMS-20,30,20,new,,,43.99,,USD,,43.99,,,,40% OFF
NZL,orange,Data+Calls+SMS-5,30,5,new,,,41.99,,USD,,41.99,,,,
NZL,orange,Data+Calls+SMS-50,30,50,new,,,58.99,,USD,,58.99,,,,30% OFF
NZL,orange,Data-1,7,1,new,,,4.99,,USD,,4.99,,,,
NZL,orange,Data-10,7,10,new,,,22.99,,USD,,22.99,,,,
NZL,orange,Data-3,7,3,new,,,9.99,,USD,,9.99,,,,
NZL,orange,Data-5,7,5,new,,,13.99,,USD,,13.99,,,,
PAN,holafly,Unlimited,2,6,changed,price,13.9,11.9,USD,USD,13.9,11.9,12.9,11.5,,
PAN,holafly,Unlimited,3,9,changed,price,19.9,18.5,USD,USD,19.9,18.5,18.9,16.9,,
PAN,holafly,Unlimited,4,12,changed,price,25.5,23.9,USD,USD,25.5,23.9,23.9,22.5,,
PAN,orange,Data+Calls+SMS-5,30,5,new,,,26.99,,USD,,26.99,,,,
PAN,orange,Data-1,7,1,new,,,9.99,,USD,,9.99,,,,
PAN,orange,Data-10,7,10,new,,,39.99,,USD,,39.99,,,,
PAN,orange,Data-3,7,3,new,,,15.99,,USD,,15.99,,,,
PAN,orange,Data-5,7,5,new,,,31.99,,USD,,31.99,,,,
PER,holafly,Unlimited,2,6,changed,price,13.5,11.5,USD,USD,13.5,11.5,12.5,10.9,,
PER,holafly,Unlimited,3,9,changed,price,19.9,16.5,USD,USD,19.9,16.5,18.5,15.5,,
PER,holafly,Unlimited,4,12,changed,price,25.5,21.9,USD,USD,25.5,21.9,23.9,20.5,,
PER,holafly,Unlimited,5,15,changed,price,28.9,25.5,USD,USD,28.9,25.5,26.9,23.9,,
PER,holafly,Unlimited,6,18,changed,price,31.5,28.5,USD,USD,31.5,28.5,29.5,26.5,,
PER,holafly,Unlimited,7,21,changed,price,36.5,32.9,USD,USD,36.5,32.9,33.9,30.5,,
PER,holafly,Unlimited,8,24,changed,price,37.5,32.9,USD,USD,37.5,32.9,34.9,30.9,,
PER,holafly,Unlimited,9,27,changed,price,38.5,33.9,USD,USD,38.5,33.9,35.9,31.9,,
PER,holafly,Unlimited,10,30,changed,price,39.5,35.5,USD,USD,39.5,35.5,36.9,32.9,,
PER,holafly,Unlimited,11,33,changed,price,41.9,37.5,USD,USD,41.9,37.5,38.9,34.9,,
PER,holafly,Unlimited,12,36,changed,price,43.9,38.9,USD,USD,43.9,38.9,40.9,36.5,,
PER,holafly,Unlimited,13,39,changed,price,45.9,41.5,USD,USD,45.9,41.5,42.9,38.5,,
PER,holafly,Unlimited,14,42,changed,price,47.9,42.9,USD,USD,47.9,42.9,44.9,39.9,,
PER,holafly,Unlimited,15,45,changed,price,50.5,44.9,USD,USD,50.5,44.9,46.9,41.9,,
PER,holafly,Unlimited,16,48,changed,price,52.5,46.9,USD,USD,52.5,46.9,48.9,43.9,,
PER,holafly,Unlimited,17,51,changed,price,53.5,47.9,USD,USD,53.5,47.9,49.9,44.9,,
PER,holafly,Unlimited,18,54,changed,price,56.5,50.5,USD,USD,56.5,50.5,52.5,46.9,,
PER,holafly,Unlimited,19,57,changed,price,58.9,52.5,USD,USD,58.9,52.5,54.9,48.9,,
PER,holafly,Unlimited,20,60,changed,price,60.9,54.9,USD,USD,60.9,54.9,56.9,50.9,,
PER,holafly,Unlimited,21,63,changed,price,63.5,56.9,USD,USD,63.5,56.9,58.9,52.9,,
PER,holafly,Unlimited,22,66,changed,price,64.5,57.9,USD,USD,64.5,57.9,59.9,53.9,,
PER,holafly,Unlimited,23,69,changed,price,65.5,58.5,USD,USD,65.5,58.5,60.9,54.5,,
PER,holafly,Unlimited,24,72,changed,price,66.5,59.9,USD,USD,66.5,59.9,61.9,55.5,,
PER,holafly,Unlimited,25,75,changed,price,67.9,60.9,USD,USD,67.9,60.9,62.9,56.5,,
PER,holafly,Unlimited,26,78,changed,price,68.9,61.9,USD,USD,68.9,61.9,63.9,57.5,,
PER,holafly,Unlimited,27,81,changed,price,69.9,62.5,USD,USD,69.9,62.5,64.9,57.9,,
PER,holafly,Unlimited,28,84,changed,price,84.9,76.5,USD,USD,84.9,76.5,78.9,70.9,,
PER,holafly,Unlimited,29,87,changed,price,86.9,77.9,USD,USD,86.9,77.9,80.9,72.5,,
PER,holafly,Unlimited,30,90,changed,price,89.5,79.9,USD,USD,89.5,79.9,82.9,74.5,,
PER,orange,Data+Calls+SMS-10,30,10,new,,,37.99,,USD,,37.99,,,,
PER,orange,Data+Calls+SMS-100,30,100,new,,,86.99,,USD,,86.99,,,,40% OFF
PER,orange,Data+Calls+SMS-2,30,2,new,,,13.99,,USD,,13.99,,,,
PER,orange,Data+Calls+SMS-20,30,20,new,,,43.99,,USD,,43.99,,,,40% OFF
PER,orange,Data+Calls+SMS-5,30,5,new,,,25.99,,USD,,25.99,,,,
PER,orange,Data+Calls+SMS-50,30,50,new,,,83.99,,USD,,83.99,,,,30% OFF
PER,orange,Data-1,7,1,new,,,4.99,,USD,,4.99,,,,
PER,orange,Data-10,7,10,new,,,25.99,,USD,,25.99,,,,
PER,orange,Data-3,7,3,new,,,10.99,,USD,,10.99,,,,
PER,orange,Data-5,7,5,new,,,16.99,,USD,,16.99,,,,
PHL,orange,Data+Calls+SMS-2,7,2,new,,,16.99,,USD,,16.99,,,,
PHL,orange,Data+Calls+SMS-5,7,5,new,,,23.99,,USD,,23.99,,,,
PHL,orange,Data-1,7,1,new,,,4.99,,USD,,4.99,,,,
PHL,orange,Data-10,7,10,new,,,19.99,,USD,,19.99,,,,
PHL,orange,Data-3,7,3,new,,,9.99,,USD,,9.99,,,,
PHL,orange,Data-5,7,5,new,,,13.99,,USD,,13.99,,,,
PNG,orange,Data+Calls+SMS-5,30,5,new,,,34.99,,USD,,34.99,,,,
POL,orange,Data+Calls+SMS-20,14,20,new,,,23.99,,USD,,23.99,,,,
POL,orange,Data-1,7,1,new,,,5.99,,USD,,5.99,,,,
PRI,holafly,Unlimited,2,6,changed,price,13.9,11.9,USD,USD,13.9,11.9,12.9,11.5,,
PRI,holafly,Unlimited,3,9,changed,price,19.9,18.5,USD,USD,19.9,18.5,18.9,16.9,,
PRI,holafly,Unlimited,4,12,changed,price,25.5,23.9,USD,USD,25.5,23.9,23.9,22.5,,
PRT,orange,Data+Calls+SMS-1,7,1,new,,,5.99,,USD,,5.99,,,,
PRT,orange,Data+Calls+SMS-10,7,10,new,,,19.99,,USD,,19.99,,,,
PRT,orange,Data+Calls+SMS-3,7,3,new,,,10.99,,USD,,10.99,,,,
PRT,orange,Data+Calls+SMS-5,7,5,new,,,13.99,,USD,,13.99,,,,
PRT,orange,Data-1,7,1,new,,,4.99,,USD,,4.99,,,,
PRT,orange,Data-10,7,10,new,,,15.99,,USD,,15.99,,,,
PRT,orange,Data-3,7,3,new,,,8.99,,USD,,8.99,,,,
PRT,orange,Data-5,7,5,new,,,10.99,,USD,,10.99,,,,
PRY,orange,Data+Calls+SMS-15,30,15,new,,,47.99,,USD,,47.99,,,,
PRY,orange,Data-1,7,1,new,,,7.99,,USD,,7.99,,,,
PRY,orange,Data-10,7,10,new,,,45.99,,USD,,45.99,,,,
PRY,orange,Data-3,7,3,new,,,17.99,,USD,,17.99,,,,
PRY,orange,Data-5,7,5,new,,,28.99,,USD,,28.99,,,,
QAT,orange,Data+Calls+SMS-20,30,20,new,,,71.99,,USD,,71.99,,,,
QAT,orange,Data-1,7,1,new,,,4.99,,USD,,4.99,,,,
QAT,orange,Data-10,7,10,new,,,27.99,,USD,,27.99,,,,
QAT,orange,Data-3,7,3,new,,,9.99,,USD,,9.99,,,,
QAT,orange,Data-5,7,5,new,,,16.99,,USD,,16.99,,,,
REU,orange,Data+Calls+SMS-20,30,20,new,,,25.99,,USD,,25.99,,,,
REU,orange,Data-1,7,1,new,,,4.99,,USD,,4.99,,,,
REU,orange,Data-10,7,10,new,,,22.99,,USD,,22.99,,,,
REU,orange,Data-3,7,3,new,,,11.99,,USD,,11.99,,,,
REU,orange,Data-5,7,5,new,,,15.99,,USD,,15.99,,,,
ROU,orange,Data+Calls+SMS-1,7,1,new,,,5.99,,USD,,5.99,,,,
ROU,orange,Data+Calls+SMS-10,7,10,new,,,19.99,,USD,,19.99,,,,
ROU,orange,Data+Calls+SMS-3,7,3,new,,,10.99,,USD,,10.99,,,,
ROU,orange,Data+Calls+SMS-5,7,5,new,,,13.99,,USD,,13.99,,,,
ROU,orange,Data-1,7,1,new,,,4.99,,USD,,4.99,,,,
ROU,orange,Data-10,7,10,new,,,15.99,,USD,,15.99,,,,
ROU,orange,Data-3,7,3,new,,,8.99,,USD,,8.99,,,,
ROU,orange,Data-5,7,5,new,,,10.99,,USD,,10.99,,,,
RWA,orange,Data+Calls+SMS-10,30,10,new,,,34.99,,USD,,34.99,,,,
SAU,orange,Data+Calls+SMS-2,7,2,new,,,20.99,,USD,,20.99,,,,
SAU,orange,Data+Calls+SMS-5,7,5,new,,,38.99,,USD,,38.99,,,,
SAU,orange,Data-1,7,1,new,,,4.99,,USD,,4.99,,,,
SAU,orange,Data-10,7,10,new,,,23.99,,USD,,23.99,,,,
SAU,orange,Data-3,7,3,new,,,11.99,,USD,,11.99,,,,
SAU,orange,Data-5,7,5,new,,,14.99,,USD,,14.99,,,,
SEN,orange,Data+Calls+SMS-20,30,20,new,,,35.99,,USD,,35.99,,,,40% OFF
SEN,orange,Data-1,7,1,new,,,5.99,,USD,,5.99,,,,
SEN,orange,Data-10,7,10,new,,,34.99,,USD,,34.99,,,,
SEN,orange,Data-3,7,3,new,,,14.99,,USD,,14.99,,,,
SEN,orange,Data-5,7,5,new,,,23.99,,USD,,23.99,,,,
SGP,orange,Data+Calls+SMS-10,30,10,new,,,38.99,,USD,,38.99,,,,
SGP,orange,Data+Calls+SMS-100,30,100,new,,,75.99,,USD,,75.99,,,,30% OFF
SGP,orange,Data+Calls+SMS-2,30,2,new,,,16.99,,USD,,16.99,,,,
SGP,orange,Data+Calls+SMS-20,30,20,new,,,59.99,,USD,,59.99,,,,
SGP,orange,Data+Calls+SMS-5,30,5,new,,,23.99,,USD,,23.99,,,,
SGP,orange,Data+Calls+SMS-50,30,50,new,,,58.99,,USD,,58.99,,,,30% OFF
SGP,orange,Data-1,7,1,new,,,7.99,,USD,,7.99,,,,
SGP,orange,Data-10,7,10,new,,,20.99,,USD,,20.99,,,,
SGP,orange,Data-3,7,3,new,,,10.99,,USD,,10.99,,,,
SGP,orange,Data-5,7,5,new,,,14.99,,USD,,14.99,,,,
SLE,orange,Data+Calls+SMS-10,30,10,new,,,34.99,,USD,,34.99,,,,
SLV,orange,Data+Calls+SMS-100,30,100,new,,,83.99,,USD,,83.99,,,,30% OFF
SLV,orange,Data+Calls+SMS-20,30,20,new,,,47.99,,USD,,47.99,,,,
SLV,orange,Data+Calls+SMS-50,30,50,new,,,67.99,,USD,,67.99,,,,30% OFF
SLV,orange,Data-1,7,1,new,,,5.99,,USD,,5.99,,,,
SLV,orange,Data-10,7,10,new,,,33.99,,USD,,33.99,,,,
SLV,orange,Data-3,7,3,new,,,15.99,,USD,,15.99,,,,
SLV,orange,Data-5,7,5,new,,,23.99,,USD,,23.99,,,,
SRB,orange,Data+Calls+SMS-20,30,20,new,,,29.99,,USD,,29.99,,,,
SRB,orange,Data-1,7,1,new,,,4.99,,USD,,4.99,,,,
SRB,orange,Data-10,7,10,new,,,16.99,,USD,,16.99,,,,
SRB,orange,Data-3,7,3,new,,,8.99,,USD,,8.99,,,,
SRB,orange,Data-5,7,5,new,,,10.99,,USD,,10.99,,,,
SVK,orange,Data+Calls+SMS-1,7,1,new,,,5.99,,USD,,5.99,,,,
SVK,orange,Data+Calls+SMS-10,7,10,new,,,19.99,,USD,,19.99,,,,
SVK,orange,Data+Calls+SMS-3,7,3,new,,,10.99,,USD,,10.99,,,,
SVK,orange,Data+Calls+SMS-5,7,5,new,,,13.99,,USD,,13.99,,,,
SVK,orange,Data-1,7,1,new,,,4.99,,USD,,4.99,,,,
SVK,orange,Data-10,7,10,new,,,15.99,,USD,,15.99,,,,
SVK,orange,Data-3,7,3,new,,,8.99,,USD,,8.99,,,,
SVK,orange,Data-5,7,5,new,,,10.99,,USD,,10.99,,,,
SVN,orange,Data+Calls+SMS-1,7,1,new,,,5.99,,USD,,5.99,,,,
SVN,orange,Data+Calls+SMS-10,7,10,new,,,19.99,,USD,,19.99,,,,
SVN,orange,Data+Calls+SMS-3,7,3,new,,,10.99,,USD,,10.99,,,,
SVN,orange,Data+Calls+SMS-5,7,5,new,,,13.99,,USD,,13.99,,,,
SVN,orange,Data-1,7,1,new,,,4.99,,USD,,4.99,,,,
SVN,orange,Data-10,7,10,new,,,15.99,,USD,,15.99,,,,
SVN,orange,Data-3,7,3,new,,,8.99,,USD,,8.99,,,,
SVN,orange,Data-5,7,5,new,,,10.99,,USD,,10.99,,,,
SWE,orange,Data+Calls+SMS-1,7,1,new,,,5.99,,USD,,5.99,,,,
SWE,orange,Data+Calls+SMS-10,7,10,new,,,19.99,,USD,,19.99,,,,
SWE,orange,Data+Calls+SMS-3,7,3,new,,,10.99,,USD,,10.99,,,,
SWE,orange,Data+Calls+SMS-5,7,5,new,,,13.99,,USD,,13.99,,,,
SWE,orange,Data-1,7,1,new,,,4.99,,USD,,4.99,,,,
SWE,orange,Data-10,7,10,new,,,15.99,,USD,,15.99,,,,
SWE,orange,Data-3,7,3,new,,,8.99,,USD,,8.99,,,,
SWE,orange,Data-5,7,5,new,,,10.99,,USD,,10.99,,,,
TCA,orange,Data+Calls+SMS-1,30,1,new,,,28.99,,USD,,28.99,,,,
THA,orange,Data+Calls+SMS-2,7,2,new,,,17.99,,USD,,17.99,,,,
THA,orange,Data+Calls+SMS-5,7,5,new,,,27.99,,USD,,27.99,,,,
THA,orange,Data-10,7,10,new,,,13.99,,USD,,13.99,,,,
THA,orange,Data-3,7,3,new,,,1.06,,USD,,1.06,,,,Clearance Sale
THA,orange,Data-30,30,30,changed,price,13.99,11.99,USD,USD,13.99,11.99,,,Clearance Sale,Clearance Sale
THA,orange,Data-5,7,5,new,,,2.99,,USD,,2.99,,,,Clearance Sale
THA,orange,Data-50,30,50,changed,price,21.99,19.97,USD,USD,21.99,19.97,,,Clearance Sale,Clearance Sale
TON,orange,Data+Calls+SMS-5,30,5,new,,,34.99,,USD,,34.99,,,,
TUN,orange,Data+Calls+SMS-100,30,100,new,,,57.99,,USD,,57.99,,,,40% OFF
TUN,orange,Data+Calls+SMS-20,30,20,new,,,28.99,,USD,,28.99,,,,40% OFF
TUN,orange,Data+Calls+SMS-50,30,50,new,,,50.99,,USD,,50.99,,,,30% OFF
TUN,orange,Data-1,7,1,new,,,4.99,,USD,,4.99,,,,
TUN,orange,Data-10,7,10,new,,,19.99,,USD,,19.99,,,,
TUN,orange,Data-3,7,3,new,,,10.99,,USD,,10.99,,,,
TUN,orange,Data-5,7,5,new,,,12.99,,USD,,12.99,,,,
TUR,orange,Data+Calls+SMS-5,7,5,new,,,23.99,,USD,,23.99,,,,
TUR,orange,Data-1,7,1,new,,,4.99,,USD,,4.99,,,,
TUR,orange,Data-10,7,10,new,,,15.99,,USD,,15.99,,,,
TUR,orange,Data-3,7,3,new,,,8.99,,USD,,8.99,,,,
TUR,orange,Data-5,7,5,new,,,10.99,,USD,,10.99,,,,
TWN,orange,Data+Calls+SMS-20,30,20,new,,,21.99,,USD,,21.99,,,,40% OFF
TWN,orange,Data-1,7,1,new,,,4.99,,USD,,4.99,,,,
TWN,orange,Data-10,7,10,new,,,17.99,,USD,,17.99,,,,
TWN,orange,Data-3,7,3,new,,,8.99,,USD,,8.99,,,,
TWN,orange,Data-5,7,5,new,,,11.99,,USD,,11.99,,,,
TZA,orange,Data+Calls+SMS-10,30,10,new,,,46.99,,USD,,46.99,,,,
TZA,orange,Data-1,7,1,new,,,4.99,,USD,,4.99,,,,
TZA,orange,Data-10,7,10,new,,,25.99,,USD,,25.99,,,,
TZA,orange,Data-3,7,3,new,,,10.99,,USD,,10.99,,,,
TZA,orange,Data-5,7,5,new,,,14.99,,USD,,14.99,,,,
URY,orange,Data+Calls+SMS-100,30,100,new,,,67.99,,USD,,67.99,,,,30% OFF
URY,orange,Data+Calls+SMS-20,30,20,new,,,46.99,,USD,,46.99,,,,
URY,orange,Data+Calls+SMS-50,30,50,new,,,50.99,,USD,,50.99,,,,30% OFF
URY,orange,Data-1,7,1,new,,,7.99,,USD,,7.99,,,,
URY,orange,Data-10,7,10,new,,,37.99,,USD,,37.99,,,,
URY,orange,Data-3,7,3,new,,,17.99,,USD,,17.99,,,,
URY,orange,Data-5,7,5,new,,,28.99,,USD,,28.99,,,,
USA,orange,Data+Calls+SMS-2,7,2,new,,,11.99,,USD,,11.99,,,,
USA,orange,Data+Calls+SMS-5,7,5,new,,,23.99,,USD,,23.99,,,,
USA,orange,Data-1,7,1,new,,,7.99,,USD,,7.99,,,,
USA,orange,Data-10,7,10,new,,,22.99,,USD,,22.99,,,,
USA,orange,Data-3,7,3,new,,,10.99,,USD,,10.99,,,,
USA,orange,Data-5,7,5,new,,,13.99,,USD,,13.99,,,,
USA,saily,Standard,30,10,changed,price,21.84,22.99,USD,USD,21.84,22.99,,,,
USA,saily,Standard,30,20,changed,price,35.14,36.99,USD,USD,35.14,36.99,,,,
USA,saily,Unlimited,5,15,changed,price,18.04,18.99,USD,USD,18.04,18.99,,,,
USA,saily,Unlimited,7,21,changed,price,27.54,28.99,USD,USD,27.54,28.99,,,,
USA,saily,Unlimited,10,30,changed,price,33.24,34.99,USD,USD,33.24,34.99,,,,
USA,saily,Unlimited,15,45,changed,price,46.54,48.99,USD,USD,46.54,48.99,,,,
USA,saily,Unlimited,20,60,changed,price,56.99,59.99,USD,USD,56.99,59.99,,,,
USA,saily,Unlimited,25,75,changed,price,62.69,65.99,USD,USD,62.69,65.99,,,,
USA,saily,Unlimited,30,90,changed,price,68.39,71.99,USD,USD,68.39,71.99,,,,
UZB,orange,Data+Calls+SMS-20,30,20,new,,,34.99,,USD,,34.99,,,,40% OFF
UZB,orange,Data-5,7,5,new,,,14.99,,USD,,14.99,,,,
VEN,orange,Data+Calls+SMS-1,30,1,new,,,34.99,,USD,,34.99,,,,
VNM,orange,Data+Calls+SMS-2,7,2,new,,,16.99,,USD,,16.99,,,,
VNM,orange,Data+Calls+SMS-5,7,5,new,,,28.99,,USD,,28.99,,,,
VNM,orange,Data-1,7,1,new,,,4.99,,USD,,4.99,,,,
VNM,orange,Data-10,7,10,new,,,17.99,,USD,,17.99,,,,
VNM,orange,Data-3,7,3,new,,,9.99,,USD,,9.99,,,,
VNM,orange,Data-5,7,5,new,,,11.99,,USD,,11.99,,,,
ZAF,orange,Data+Calls+SMS-2,7,2,new,,,20.99,,USD,,20.99,,,,
ZAF,orange,Data+Calls+SMS-3,7,3,new,,,20.99,,USD,,20.99,,,,
ZAF,orange,Data+Calls+SMS-5,7,5,new,,,33.99,,USD,,33.99,,,,
ZAF,orange,Data-1,7,1,new,,,4.99,,USD,,4.99,,,,
ZAF,orange,Data-10,7,10,new,,,20.99,,USD,,20.99,,,,
ZAF,orange,Data-3,7,3,new,,,9.99,,USD,,9.99,,,,
ZAF,orange,Data-5,7,5,new,,,11.99,,USD,,11.99,,,,
